experiment_id,dataset,seed,model_summary,optimizer,lr,momentum,weight_decay,epochs_trained,best_val_accuracy,best_val_loss
E4,EMNIST_BALANCED,42,"hidden=[256,128], relu, dropout=0.3, batchnorm=False, early_stopping",Adam,0.001,,0.0,30,0.7704,0.7620
E4,EMNIST_BALANCED,42,"hidden=[256,128], relu, dropout=0.3, batchnorm=False, early_stopping",Adam,0.001,,0.0,30,0.7704,0.7620
E4,EMNIST_BALANCED,42,"hidden=[256,128], relu, dropout=0.3, batchnorm=False, early_stopping",Adam,0.001,,0.0,30,0.7704,0.7620
E4,EMNIST_BALANCED,42,"hidden=[256,128], relu, dropout=0.3, batchnorm=False, early_stopping",Adam,0.001,,0.0,27,0.7562,0.8171
E4,EMNIST_BALANCED,42,"hidden=[256,128], relu, dropout=0.3, batchnorm=False, early_stopping",Adam,0.001,,0.0,30,0.7642,0.7650
E4,EMNIST_BALANCED,42,"hidden=[256,128], relu, dropout=0.3, batchnorm=False, early_stopping",Adam,0.001,,0.0,24,0.7508,0.8103
E4,EMNIST_BALANCED,42,"hidden=[256,128], relu, dropout=0.3, batchnorm=False, early_stopping",Adam,0.001,,0.0,24,0.7508,0.8103
E4,EMNIST_BALANCED,42,"hidden=[256,128], relu, dropout=0.3, batchnorm=False, early_stopping",Adam,0.001,,0.0,24,0.7508,0.8103
E4,EMNIST_BALANCED,42,"hidden=[256,128], relu, dropout=0.3, batchnorm=False, early_stopping",Adam,0.001,,0.0,24,0.7508,0.8103
